Folder_Name,RNA_Number,Binding_Ground_Truth,Binding_Prediction,Protein_Ground_Class,Protein_Predicted_Class
/Users/marcobenavides/repos/ML4FG/3D-RBP/Data/datasets/clip/27_ICLIP_TDP43_hg19,0,0.0,1,7,2
/Users/marcobenavides/repos/ML4FG/3D-RBP/Data/datasets/clip/24_PARCLIP_QKI_hg19,1,0.0,1,14,2
/Users/marcobenavides/repos/ML4FG/3D-RBP/Data/datasets/clip/24_PARCLIP_QKI_hg19,2,0.0,1,14,2
/Users/marcobenavides/repos/ML4FG/3D-RBP/Data/datasets/clip/24_PARCLIP_QKI_hg19,3,1.0,1,14,2
/Users/marcobenavides/repos/ML4FG/3D-RBP/Data/datasets/clip/17_ICLIP_HNRNPC_hg19,4,0.0,1,8,2
/Users/marcobenavides/repos/ML4FG/3D-RBP/Data/datasets/clip/23_PARCLIP_PUM2_hg19,5,1.0,1,9,2
/Users/marcobenavides/repos/ML4FG/3D-RBP/Data/datasets/clip/12_PARCLIP_EWSR1_hg19,6,0.0,1,13,2
/Users/marcobenavides/repos/ML4FG/3D-RBP/Data/datasets/clip/23_PARCLIP_PUM2_hg19,7,0.0,1,9,2
/Users/marcobenavides/repos/ML4FG/3D-RBP/Data/datasets/clip/26_PARCLIP_TAF15_hg19,8,1.0,1,16,2
/Users/marcobenavides/repos/ML4FG/3D-RBP/Data/datasets/clip/19_ICLIP_hnRNPL_U266_group_3986_all-hnRNPL-U266-hg19_sum_G_hg19--ensembl59_from_2485_bedGraph-cDNA-hits-in-genome,9,0.0,1,11,2
/Users/marcobenavides/repos/ML4FG/3D-RBP/Data/datasets/clip/3_HITSCLIP_Ago2_binding_clusters,10,0.0,1,2,2
/Users/marcobenavides/repos/ML4FG/3D-RBP/Data/datasets/clip/28_ICLIP_TIA1_hg19,11,0.0,1,6,2
/Users/marcobenavides/repos/ML4FG/3D-RBP/Data/datasets/clip/22_ICLIP_NSUN2_293_group_4007_all-NSUN2-293-hg19_sum_G_hg19--ensembl59_from_3137-3202_bedGraph-cDNA-hits-in-genome,12,0.0,1,15,2
/Users/marcobenavides/repos/ML4FG/3D-RBP/Data/datasets/clip/15_PARCLIP_IGF2BP123_hg19,13,0.0,1,10,2
/Users/marcobenavides/repos/ML4FG/3D-RBP/Data/datasets/clip/22_ICLIP_NSUN2_293_group_4007_all-NSUN2-293-hg19_sum_G_hg19--ensembl59_from_3137-3202_bedGraph-cDNA-hits-in-genome,14,1.0,1,15,2
/Users/marcobenavides/repos/ML4FG/3D-RBP/Data/datasets/clip/12_PARCLIP_EWSR1_hg19,15,1.0,1,13,2
/Users/marcobenavides/repos/ML4FG/3D-RBP/Data/datasets/clip/22_ICLIP_NSUN2_293_group_4007_all-NSUN2-293-hg19_sum_G_hg19--ensembl59_from_3137-3202_bedGraph-cDNA-hits-in-genome,16,0.0,1,15,2
/Users/marcobenavides/repos/ML4FG/3D-RBP/Data/datasets/clip/26_PARCLIP_TAF15_hg19,17,1.0,1,16,2
/Users/marcobenavides/repos/ML4FG/3D-RBP/Data/datasets/clip/10_PARCLIP_ELAVL1A_hg19,18,0.0,1,3,2
/Users/marcobenavides/repos/ML4FG/3D-RBP/Data/datasets/clip/23_PARCLIP_PUM2_hg19,19,1.0,1,9,2
/Users/marcobenavides/repos/ML4FG/3D-RBP/Data/datasets/clip/3_HITSCLIP_Ago2_binding_clusters,20,0.0,1,2,2
/Users/marcobenavides/repos/ML4FG/3D-RBP/Data/datasets/clip/15_PARCLIP_IGF2BP123_hg19,21,0.0,1,10,2
/Users/marcobenavides/repos/ML4FG/3D-RBP/Data/datasets/clip/27_ICLIP_TDP43_hg19,22,1.0,1,7,2
/Users/marcobenavides/repos/ML4FG/3D-RBP/Data/datasets/clip/3_HITSCLIP_Ago2_binding_clusters,23,1.0,1,2,2
/Users/marcobenavides/repos/ML4FG/3D-RBP/Data/datasets/clip/25_CLIPSEQ_SFRS1_hg19,24,0.0,1,1,2
/Users/marcobenavides/repos/ML4FG/3D-RBP/Data/datasets/clip/6_CLIP-seq-eIF4AIII_1,25,1.0,1,4,2
/Users/marcobenavides/repos/ML4FG/3D-RBP/Data/datasets/clip/13_PARCLIP_FUS_hg19,26,0.0,1,12,2
/Users/marcobenavides/repos/ML4FG/3D-RBP/Data/datasets/clip/15_PARCLIP_IGF2BP123_hg19,27,1.0,1,10,2
/Users/marcobenavides/repos/ML4FG/3D-RBP/Data/datasets/clip/15_PARCLIP_IGF2BP123_hg19,28,0.0,1,10,2
/Users/marcobenavides/repos/ML4FG/3D-RBP/Data/datasets/clip/13_PARCLIP_FUS_hg19,29,0.0,1,12,2
/Users/marcobenavides/repos/ML4FG/3D-RBP/Data/datasets/clip/24_PARCLIP_QKI_hg19,30,1.0,1,14,2
/Users/marcobenavides/repos/ML4FG/3D-RBP/Data/datasets/clip/31_ICLIP_U2AF65_Hela_iCLIP_ctrl+kd_all_clusters,31,1.0,1,5,2
/Users/marcobenavides/repos/ML4FG/3D-RBP/Data/datasets/clip/15_PARCLIP_IGF2BP123_hg19,32,0.0,1,10,2
/Users/marcobenavides/repos/ML4FG/3D-RBP/Data/datasets/clip/17_ICLIP_HNRNPC_hg19,33,0.0,1,8,2
/Users/marcobenavides/repos/ML4FG/3D-RBP/Data/datasets/clip/10_PARCLIP_ELAVL1A_hg19,34,0.0,1,3,2
/Users/marcobenavides/repos/ML4FG/3D-RBP/Data/datasets/clip/10_PARCLIP_ELAVL1A_hg19,35,0.0,1,3,2
/Users/marcobenavides/repos/ML4FG/3D-RBP/Data/datasets/clip/19_ICLIP_hnRNPL_U266_group_3986_all-hnRNPL-U266-hg19_sum_G_hg19--ensembl59_from_2485_bedGraph-cDNA-hits-in-genome,36,0.0,1,11,2
/Users/marcobenavides/repos/ML4FG/3D-RBP/Data/datasets/clip/31_ICLIP_U2AF65_Hela_iCLIP_ctrl+kd_all_clusters,37,0.0,1,5,2
/Users/marcobenavides/repos/ML4FG/3D-RBP/Data/datasets/clip/22_ICLIP_NSUN2_293_group_4007_all-NSUN2-293-hg19_sum_G_hg19--ensembl59_from_3137-3202_bedGraph-cDNA-hits-in-genome,38,1.0,1,15,2
/Users/marcobenavides/repos/ML4FG/3D-RBP/Data/datasets/clip/26_PARCLIP_TAF15_hg19,39,1.0,1,16,2
/Users/marcobenavides/repos/ML4FG/3D-RBP/Data/datasets/clip/31_ICLIP_U2AF65_Hela_iCLIP_ctrl+kd_all_clusters,40,1.0,1,5,2
/Users/marcobenavides/repos/ML4FG/3D-RBP/Data/datasets/clip/3_HITSCLIP_Ago2_binding_clusters,41,0.0,1,2,2
/Users/marcobenavides/repos/ML4FG/3D-RBP/Data/datasets/clip/21_PARCLIP_MOV10_Sievers_hg19,42,1.0,1,0,2
/Users/marcobenavides/repos/ML4FG/3D-RBP/Data/datasets/clip/24_PARCLIP_QKI_hg19,43,1.0,1,14,2
/Users/marcobenavides/repos/ML4FG/3D-RBP/Data/datasets/clip/3_HITSCLIP_Ago2_binding_clusters,44,1.0,1,2,2
/Users/marcobenavides/repos/ML4FG/3D-RBP/Data/datasets/clip/19_ICLIP_hnRNPL_U266_group_3986_all-hnRNPL-U266-hg19_sum_G_hg19--ensembl59_from_2485_bedGraph-cDNA-hits-in-genome,45,1.0,1,11,2
/Users/marcobenavides/repos/ML4FG/3D-RBP/Data/datasets/clip/23_PARCLIP_PUM2_hg19,46,0.0,1,9,2
/Users/marcobenavides/repos/ML4FG/3D-RBP/Data/datasets/clip/15_PARCLIP_IGF2BP123_hg19,47,0.0,1,10,2
/Users/marcobenavides/repos/ML4FG/3D-RBP/Data/datasets/clip/22_ICLIP_NSUN2_293_group_4007_all-NSUN2-293-hg19_sum_G_hg19--ensembl59_from_3137-3202_bedGraph-cDNA-hits-in-genome,48,1.0,1,15,2
/Users/marcobenavides/repos/ML4FG/3D-RBP/Data/datasets/clip/19_ICLIP_hnRNPL_U266_group_3986_all-hnRNPL-U266-hg19_sum_G_hg19--ensembl59_from_2485_bedGraph-cDNA-hits-in-genome,49,0.0,1,11,2
/Users/marcobenavides/repos/ML4FG/3D-RBP/Data/datasets/clip/25_CLIPSEQ_SFRS1_hg19,50,1.0,1,1,2
/Users/marcobenavides/repos/ML4FG/3D-RBP/Data/datasets/clip/10_PARCLIP_ELAVL1A_hg19,51,0.0,1,3,2
/Users/marcobenavides/repos/ML4FG/3D-RBP/Data/datasets/clip/22_ICLIP_NSUN2_293_group_4007_all-NSUN2-293-hg19_sum_G_hg19--ensembl59_from_3137-3202_bedGraph-cDNA-hits-in-genome,52,0.0,1,15,2
/Users/marcobenavides/repos/ML4FG/3D-RBP/Data/datasets/clip/22_ICLIP_NSUN2_293_group_4007_all-NSUN2-293-hg19_sum_G_hg19--ensembl59_from_3137-3202_bedGraph-cDNA-hits-in-genome,53,1.0,1,15,2
/Users/marcobenavides/repos/ML4FG/3D-RBP/Data/datasets/clip/6_CLIP-seq-eIF4AIII_1,54,1.0,1,4,2
/Users/marcobenavides/repos/ML4FG/3D-RBP/Data/datasets/clip/22_ICLIP_NSUN2_293_group_4007_all-NSUN2-293-hg19_sum_G_hg19--ensembl59_from_3137-3202_bedGraph-cDNA-hits-in-genome,55,0.0,1,15,2
/Users/marcobenavides/repos/ML4FG/3D-RBP/Data/datasets/clip/15_PARCLIP_IGF2BP123_hg19,56,1.0,1,10,2
/Users/marcobenavides/repos/ML4FG/3D-RBP/Data/datasets/clip/17_ICLIP_HNRNPC_hg19,57,1.0,1,8,2
/Users/marcobenavides/repos/ML4FG/3D-RBP/Data/datasets/clip/23_PARCLIP_PUM2_hg19,58,0.0,1,9,2
/Users/marcobenavides/repos/ML4FG/3D-RBP/Data/datasets/clip/15_PARCLIP_IGF2BP123_hg19,59,0.0,1,10,2
/Users/marcobenavides/repos/ML4FG/3D-RBP/Data/datasets/clip/25_CLIPSEQ_SFRS1_hg19,60,0.0,1,1,2
/Users/marcobenavides/repos/ML4FG/3D-RBP/Data/datasets/clip/6_CLIP-seq-eIF4AIII_1,61,1.0,1,4,2
/Users/marcobenavides/repos/ML4FG/3D-RBP/Data/datasets/clip/19_ICLIP_hnRNPL_U266_group_3986_all-hnRNPL-U266-hg19_sum_G_hg19--ensembl59_from_2485_bedGraph-cDNA-hits-in-genome,62,0.0,1,11,2
/Users/marcobenavides/repos/ML4FG/3D-RBP/Data/datasets/clip/28_ICLIP_TIA1_hg19,63,0.0,1,6,2
/Users/marcobenavides/repos/ML4FG/3D-RBP/Data/datasets/clip/15_PARCLIP_IGF2BP123_hg19,64,0.0,1,10,2
/Users/marcobenavides/repos/ML4FG/3D-RBP/Data/datasets/clip/10_PARCLIP_ELAVL1A_hg19,65,0.0,1,3,2
/Users/marcobenavides/repos/ML4FG/3D-RBP/Data/datasets/clip/13_PARCLIP_FUS_hg19,66,1.0,1,12,2
/Users/marcobenavides/repos/ML4FG/3D-RBP/Data/datasets/clip/6_CLIP-seq-eIF4AIII_1,67,1.0,1,4,2
/Users/marcobenavides/repos/ML4FG/3D-RBP/Data/datasets/clip/25_CLIPSEQ_SFRS1_hg19,68,0.0,1,1,2
/Users/marcobenavides/repos/ML4FG/3D-RBP/Data/datasets/clip/6_CLIP-seq-eIF4AIII_1,69,1.0,1,4,2
/Users/marcobenavides/repos/ML4FG/3D-RBP/Data/datasets/clip/10_PARCLIP_ELAVL1A_hg19,70,1.0,1,3,2
/Users/marcobenavides/repos/ML4FG/3D-RBP/Data/datasets/clip/19_ICLIP_hnRNPL_U266_group_3986_all-hnRNPL-U266-hg19_sum_G_hg19--ensembl59_from_2485_bedGraph-cDNA-hits-in-genome,71,1.0,1,11,2
/Users/marcobenavides/repos/ML4FG/3D-RBP/Data/datasets/clip/26_PARCLIP_TAF15_hg19,72,1.0,1,16,2
/Users/marcobenavides/repos/ML4FG/3D-RBP/Data/datasets/clip/13_PARCLIP_FUS_hg19,73,1.0,1,12,2
/Users/marcobenavides/repos/ML4FG/3D-RBP/Data/datasets/clip/17_ICLIP_HNRNPC_hg19,74,1.0,1,8,2
/Users/marcobenavides/repos/ML4FG/3D-RBP/Data/datasets/clip/21_PARCLIP_MOV10_Sievers_hg19,75,0.0,1,0,2
/Users/marcobenavides/repos/ML4FG/3D-RBP/Data/datasets/clip/6_CLIP-seq-eIF4AIII_1,76,1.0,1,4,2
/Users/marcobenavides/repos/ML4FG/3D-RBP/Data/datasets/clip/3_HITSCLIP_Ago2_binding_clusters,77,1.0,1,2,2
/Users/marcobenavides/repos/ML4FG/3D-RBP/Data/datasets/clip/15_PARCLIP_IGF2BP123_hg19,78,1.0,1,10,2
/Users/marcobenavides/repos/ML4FG/3D-RBP/Data/datasets/clip/21_PARCLIP_MOV10_Sievers_hg19,79,0.0,1,0,2
/Users/marcobenavides/repos/ML4FG/3D-RBP/Data/datasets/clip/21_PARCLIP_MOV10_Sievers_hg19,80,1.0,1,0,2
/Users/marcobenavides/repos/ML4FG/3D-RBP/Data/datasets/clip/22_ICLIP_NSUN2_293_group_4007_all-NSUN2-293-hg19_sum_G_hg19--ensembl59_from_3137-3202_bedGraph-cDNA-hits-in-genome,81,0.0,1,15,2
/Users/marcobenavides/repos/ML4FG/3D-RBP/Data/datasets/clip/12_PARCLIP_EWSR1_hg19,82,0.0,1,13,2
/Users/marcobenavides/repos/ML4FG/3D-RBP/Data/datasets/clip/19_ICLIP_hnRNPL_U266_group_3986_all-hnRNPL-U266-hg19_sum_G_hg19--ensembl59_from_2485_bedGraph-cDNA-hits-in-genome,83,0.0,1,11,2
/Users/marcobenavides/repos/ML4FG/3D-RBP/Data/datasets/clip/17_ICLIP_HNRNPC_hg19,84,0.0,1,8,2
/Users/marcobenavides/repos/ML4FG/3D-RBP/Data/datasets/clip/27_ICLIP_TDP43_hg19,85,0.0,1,7,2
/Users/marcobenavides/repos/ML4FG/3D-RBP/Data/datasets/clip/19_ICLIP_hnRNPL_U266_group_3986_all-hnRNPL-U266-hg19_sum_G_hg19--ensembl59_from_2485_bedGraph-cDNA-hits-in-genome,86,1.0,1,11,2
/Users/marcobenavides/repos/ML4FG/3D-RBP/Data/datasets/clip/15_PARCLIP_IGF2BP123_hg19,87,0.0,1,10,2
/Users/marcobenavides/repos/ML4FG/3D-RBP/Data/datasets/clip/22_ICLIP_NSUN2_293_group_4007_all-NSUN2-293-hg19_sum_G_hg19--ensembl59_from_3137-3202_bedGraph-cDNA-hits-in-genome,88,0.0,1,15,2
/Users/marcobenavides/repos/ML4FG/3D-RBP/Data/datasets/clip/21_PARCLIP_MOV10_Sievers_hg19,89,1.0,1,0,2
/Users/marcobenavides/repos/ML4FG/3D-RBP/Data/datasets/clip/31_ICLIP_U2AF65_Hela_iCLIP_ctrl+kd_all_clusters,90,1.0,1,5,2
/Users/marcobenavides/repos/ML4FG/3D-RBP/Data/datasets/clip/10_PARCLIP_ELAVL1A_hg19,91,0.0,1,3,2
/Users/marcobenavides/repos/ML4FG/3D-RBP/Data/datasets/clip/24_PARCLIP_QKI_hg19,92,1.0,1,14,2
/Users/marcobenavides/repos/ML4FG/3D-RBP/Data/datasets/clip/24_PARCLIP_QKI_hg19,93,0.0,1,14,2
/Users/marcobenavides/repos/ML4FG/3D-RBP/Data/datasets/clip/10_PARCLIP_ELAVL1A_hg19,94,0.0,1,3,2
/Users/marcobenavides/repos/ML4FG/3D-RBP/Data/datasets/clip/27_ICLIP_TDP43_hg19,95,1.0,1,7,2
/Users/marcobenavides/repos/ML4FG/3D-RBP/Data/datasets/clip/13_PARCLIP_FUS_hg19,96,1.0,1,12,2
/Users/marcobenavides/repos/ML4FG/3D-RBP/Data/datasets/clip/13_PARCLIP_FUS_hg19,97,0.0,1,12,2
/Users/marcobenavides/repos/ML4FG/3D-RBP/Data/datasets/clip/13_PARCLIP_FUS_hg19,98,0.0,1,12,2
/Users/marcobenavides/repos/ML4FG/3D-RBP/Data/datasets/clip/26_PARCLIP_TAF15_hg19,99,0.0,1,16,2
/Users/marcobenavides/repos/ML4FG/3D-RBP/Data/datasets/clip/15_PARCLIP_IGF2BP123_hg19,100,0.0,1,10,2
/Users/marcobenavides/repos/ML4FG/3D-RBP/Data/datasets/clip/19_ICLIP_hnRNPL_U266_group_3986_all-hnRNPL-U266-hg19_sum_G_hg19--ensembl59_from_2485_bedGraph-cDNA-hits-in-genome,101,1.0,1,11,2
/Users/marcobenavides/repos/ML4FG/3D-RBP/Data/datasets/clip/12_PARCLIP_EWSR1_hg19,102,1.0,1,13,2
/Users/marcobenavides/repos/ML4FG/3D-RBP/Data/datasets/clip/10_PARCLIP_ELAVL1A_hg19,103,0.0,1,3,2
/Users/marcobenavides/repos/ML4FG/3D-RBP/Data/datasets/clip/13_PARCLIP_FUS_hg19,104,0.0,1,12,2
/Users/marcobenavides/repos/ML4FG/3D-RBP/Data/datasets/clip/25_CLIPSEQ_SFRS1_hg19,105,1.0,1,1,2
/Users/marcobenavides/repos/ML4FG/3D-RBP/Data/datasets/clip/10_PARCLIP_ELAVL1A_hg19,106,0.0,1,3,2
/Users/marcobenavides/repos/ML4FG/3D-RBP/Data/datasets/clip/31_ICLIP_U2AF65_Hela_iCLIP_ctrl+kd_all_clusters,107,1.0,1,5,2
/Users/marcobenavides/repos/ML4FG/3D-RBP/Data/datasets/clip/24_PARCLIP_QKI_hg19,108,0.0,1,14,2
/Users/marcobenavides/repos/ML4FG/3D-RBP/Data/datasets/clip/24_PARCLIP_QKI_hg19,109,1.0,1,14,2
/Users/marcobenavides/repos/ML4FG/3D-RBP/Data/datasets/clip/22_ICLIP_NSUN2_293_group_4007_all-NSUN2-293-hg19_sum_G_hg19--ensembl59_from_3137-3202_bedGraph-cDNA-hits-in-genome,110,1.0,1,15,2
/Users/marcobenavides/repos/ML4FG/3D-RBP/Data/datasets/clip/3_HITSCLIP_Ago2_binding_clusters,111,0.0,1,2,2
/Users/marcobenavides/repos/ML4FG/3D-RBP/Data/datasets/clip/12_PARCLIP_EWSR1_hg19,112,0.0,1,13,2
/Users/marcobenavides/repos/ML4FG/3D-RBP/Data/datasets/clip/25_CLIPSEQ_SFRS1_hg19,113,0.0,1,1,2
/Users/marcobenavides/repos/ML4FG/3D-RBP/Data/datasets/clip/19_ICLIP_hnRNPL_U266_group_3986_all-hnRNPL-U266-hg19_sum_G_hg19--ensembl59_from_2485_bedGraph-cDNA-hits-in-genome,114,0.0,1,11,2
/Users/marcobenavides/repos/ML4FG/3D-RBP/Data/datasets/clip/31_ICLIP_U2AF65_Hela_iCLIP_ctrl+kd_all_clusters,115,0.0,1,5,2
/Users/marcobenavides/repos/ML4FG/3D-RBP/Data/datasets/clip/12_PARCLIP_EWSR1_hg19,116,0.0,1,13,2
/Users/marcobenavides/repos/ML4FG/3D-RBP/Data/datasets/clip/15_PARCLIP_IGF2BP123_hg19,117,1.0,1,10,2
/Users/marcobenavides/repos/ML4FG/3D-RBP/Data/datasets/clip/21_PARCLIP_MOV10_Sievers_hg19,118,0.0,1,0,2
/Users/marcobenavides/repos/ML4FG/3D-RBP/Data/datasets/clip/26_PARCLIP_TAF15_hg19,119,0.0,1,16,2
/Users/marcobenavides/repos/ML4FG/3D-RBP/Data/datasets/clip/25_CLIPSEQ_SFRS1_hg19,120,0.0,1,1,2
/Users/marcobenavides/repos/ML4FG/3D-RBP/Data/datasets/clip/17_ICLIP_HNRNPC_hg19,121,1.0,1,8,2
/Users/marcobenavides/repos/ML4FG/3D-RBP/Data/datasets/clip/23_PARCLIP_PUM2_hg19,122,0.0,1,9,2
/Users/marcobenavides/repos/ML4FG/3D-RBP/Data/datasets/clip/15_PARCLIP_IGF2BP123_hg19,123,1.0,1,10,2
/Users/marcobenavides/repos/ML4FG/3D-RBP/Data/datasets/clip/13_PARCLIP_FUS_hg19,124,0.0,1,12,2
/Users/marcobenavides/repos/ML4FG/3D-RBP/Data/datasets/clip/17_ICLIP_HNRNPC_hg19,125,1.0,1,8,2
/Users/marcobenavides/repos/ML4FG/3D-RBP/Data/datasets/clip/19_ICLIP_hnRNPL_U266_group_3986_all-hnRNPL-U266-hg19_sum_G_hg19--ensembl59_from_2485_bedGraph-cDNA-hits-in-genome,126,0.0,1,11,2
/Users/marcobenavides/repos/ML4FG/3D-RBP/Data/datasets/clip/27_ICLIP_TDP43_hg19,127,1.0,1,7,2
/Users/marcobenavides/repos/ML4FG/3D-RBP/Data/datasets/clip/12_PARCLIP_EWSR1_hg19,128,0.0,1,13,2
/Users/marcobenavides/repos/ML4FG/3D-RBP/Data/datasets/clip/10_PARCLIP_ELAVL1A_hg19,129,1.0,1,3,2
/Users/marcobenavides/repos/ML4FG/3D-RBP/Data/datasets/clip/24_PARCLIP_QKI_hg19,130,0.0,1,14,2
/Users/marcobenavides/repos/ML4FG/3D-RBP/Data/datasets/clip/17_ICLIP_HNRNPC_hg19,131,0.0,1,8,2
/Users/marcobenavides/repos/ML4FG/3D-RBP/Data/datasets/clip/19_ICLIP_hnRNPL_U266_group_3986_all-hnRNPL-U266-hg19_sum_G_hg19--ensembl59_from_2485_bedGraph-cDNA-hits-in-genome,132,0.0,1,11,2
/Users/marcobenavides/repos/ML4FG/3D-RBP/Data/datasets/clip/23_PARCLIP_PUM2_hg19,133,0.0,1,9,2
/Users/marcobenavides/repos/ML4FG/3D-RBP/Data/datasets/clip/27_ICLIP_TDP43_hg19,134,1.0,1,7,2
/Users/marcobenavides/repos/ML4FG/3D-RBP/Data/datasets/clip/10_PARCLIP_ELAVL1A_hg19,135,1.0,1,3,2
/Users/marcobenavides/repos/ML4FG/3D-RBP/Data/datasets/clip/31_ICLIP_U2AF65_Hela_iCLIP_ctrl+kd_all_clusters,136,0.0,1,5,2
/Users/marcobenavides/repos/ML4FG/3D-RBP/Data/datasets/clip/25_CLIPSEQ_SFRS1_hg19,137,0.0,1,1,2
/Users/marcobenavides/repos/ML4FG/3D-RBP/Data/datasets/clip/28_ICLIP_TIA1_hg19,138,0.0,1,6,2
/Users/marcobenavides/repos/ML4FG/3D-RBP/Data/datasets/clip/6_CLIP-seq-eIF4AIII_1,139,1.0,1,4,2
/Users/marcobenavides/repos/ML4FG/3D-RBP/Data/datasets/clip/19_ICLIP_hnRNPL_U266_group_3986_all-hnRNPL-U266-hg19_sum_G_hg19--ensembl59_from_2485_bedGraph-cDNA-hits-in-genome,140,1.0,1,11,2
/Users/marcobenavides/repos/ML4FG/3D-RBP/Data/datasets/clip/12_PARCLIP_EWSR1_hg19,141,0.0,1,13,2
/Users/marcobenavides/repos/ML4FG/3D-RBP/Data/datasets/clip/26_PARCLIP_TAF15_hg19,142,1.0,1,16,2
/Users/marcobenavides/repos/ML4FG/3D-RBP/Data/datasets/clip/12_PARCLIP_EWSR1_hg19,143,1.0,1,13,2
/Users/marcobenavides/repos/ML4FG/3D-RBP/Data/datasets/clip/31_ICLIP_U2AF65_Hela_iCLIP_ctrl+kd_all_clusters,144,0.0,1,5,2
/Users/marcobenavides/repos/ML4FG/3D-RBP/Data/datasets/clip/12_PARCLIP_EWSR1_hg19,145,1.0,1,13,2
/Users/marcobenavides/repos/ML4FG/3D-RBP/Data/datasets/clip/28_ICLIP_TIA1_hg19,146,1.0,1,6,2
/Users/marcobenavides/repos/ML4FG/3D-RBP/Data/datasets/clip/27_ICLIP_TDP43_hg19,147,1.0,1,7,2
/Users/marcobenavides/repos/ML4FG/3D-RBP/Data/datasets/clip/10_PARCLIP_ELAVL1A_hg19,148,1.0,1,3,2
/Users/marcobenavides/repos/ML4FG/3D-RBP/Data/datasets/clip/21_PARCLIP_MOV10_Sievers_hg19,149,1.0,1,0,2
/Users/marcobenavides/repos/ML4FG/3D-RBP/Data/datasets/clip/23_PARCLIP_PUM2_hg19,150,0.0,1,9,2
/Users/marcobenavides/repos/ML4FG/3D-RBP/Data/datasets/clip/6_CLIP-seq-eIF4AIII_1,151,1.0,1,4,2
/Users/marcobenavides/repos/ML4FG/3D-RBP/Data/datasets/clip/15_PARCLIP_IGF2BP123_hg19,152,1.0,1,10,2
/Users/marcobenavides/repos/ML4FG/3D-RBP/Data/datasets/clip/25_CLIPSEQ_SFRS1_hg19,153,0.0,1,1,2
/Users/marcobenavides/repos/ML4FG/3D-RBP/Data/datasets/clip/12_PARCLIP_EWSR1_hg19,154,1.0,1,13,2
/Users/marcobenavides/repos/ML4FG/3D-RBP/Data/datasets/clip/28_ICLIP_TIA1_hg19,155,0.0,1,6,2
/Users/marcobenavides/repos/ML4FG/3D-RBP/Data/datasets/clip/17_ICLIP_HNRNPC_hg19,156,1.0,1,8,2
/Users/marcobenavides/repos/ML4FG/3D-RBP/Data/datasets/clip/25_CLIPSEQ_SFRS1_hg19,157,1.0,1,1,2
/Users/marcobenavides/repos/ML4FG/3D-RBP/Data/datasets/clip/26_PARCLIP_TAF15_hg19,158,0.0,1,16,2
/Users/marcobenavides/repos/ML4FG/3D-RBP/Data/datasets/clip/23_PARCLIP_PUM2_hg19,159,0.0,1,9,2
/Users/marcobenavides/repos/ML4FG/3D-RBP/Data/datasets/clip/26_PARCLIP_TAF15_hg19,160,1.0,1,16,2
/Users/marcobenavides/repos/ML4FG/3D-RBP/Data/datasets/clip/12_PARCLIP_EWSR1_hg19,161,1.0,1,13,2
/Users/marcobenavides/repos/ML4FG/3D-RBP/Data/datasets/clip/19_ICLIP_hnRNPL_U266_group_3986_all-hnRNPL-U266-hg19_sum_G_hg19--ensembl59_from_2485_bedGraph-cDNA-hits-in-genome,162,1.0,1,11,2
/Users/marcobenavides/repos/ML4FG/3D-RBP/Data/datasets/clip/26_PARCLIP_TAF15_hg19,163,0.0,1,16,2
/Users/marcobenavides/repos/ML4FG/3D-RBP/Data/datasets/clip/17_ICLIP_HNRNPC_hg19,164,1.0,1,8,2
/Users/marcobenavides/repos/ML4FG/3D-RBP/Data/datasets/clip/23_PARCLIP_PUM2_hg19,165,0.0,1,9,2
/Users/marcobenavides/repos/ML4FG/3D-RBP/Data/datasets/clip/27_ICLIP_TDP43_hg19,166,1.0,1,7,2
/Users/marcobenavides/repos/ML4FG/3D-RBP/Data/datasets/clip/13_PARCLIP_FUS_hg19,167,0.0,1,12,2
/Users/marcobenavides/repos/ML4FG/3D-RBP/Data/datasets/clip/15_PARCLIP_IGF2BP123_hg19,168,0.0,1,10,2
/Users/marcobenavides/repos/ML4FG/3D-RBP/Data/datasets/clip/27_ICLIP_TDP43_hg19,169,0.0,1,7,2
/Users/marcobenavides/repos/ML4FG/3D-RBP/Data/datasets/clip/23_PARCLIP_PUM2_hg19,170,1.0,1,9,2
/Users/marcobenavides/repos/ML4FG/3D-RBP/Data/datasets/clip/10_PARCLIP_ELAVL1A_hg19,171,1.0,1,3,2
/Users/marcobenavides/repos/ML4FG/3D-RBP/Data/datasets/clip/17_ICLIP_HNRNPC_hg19,172,1.0,1,8,2
/Users/marcobenavides/repos/ML4FG/3D-RBP/Data/datasets/clip/21_PARCLIP_MOV10_Sievers_hg19,173,1.0,1,0,2
/Users/marcobenavides/repos/ML4FG/3D-RBP/Data/datasets/clip/21_PARCLIP_MOV10_Sievers_hg19,174,0.0,1,0,2
/Users/marcobenavides/repos/ML4FG/3D-RBP/Data/datasets/clip/25_CLIPSEQ_SFRS1_hg19,175,0.0,1,1,2
/Users/marcobenavides/repos/ML4FG/3D-RBP/Data/datasets/clip/21_PARCLIP_MOV10_Sievers_hg19,176,1.0,1,0,2
/Users/marcobenavides/repos/ML4FG/3D-RBP/Data/datasets/clip/21_PARCLIP_MOV10_Sievers_hg19,177,0.0,1,0,2
/Users/marcobenavides/repos/ML4FG/3D-RBP/Data/datasets/clip/26_PARCLIP_TAF15_hg19,178,1.0,1,16,2
/Users/marcobenavides/repos/ML4FG/3D-RBP/Data/datasets/clip/15_PARCLIP_IGF2BP123_hg19,179,0.0,1,10,2
/Users/marcobenavides/repos/ML4FG/3D-RBP/Data/datasets/clip/24_PARCLIP_QKI_hg19,180,0.0,1,14,2
/Users/marcobenavides/repos/ML4FG/3D-RBP/Data/datasets/clip/10_PARCLIP_ELAVL1A_hg19,181,0.0,1,3,2
/Users/marcobenavides/repos/ML4FG/3D-RBP/Data/datasets/clip/6_CLIP-seq-eIF4AIII_1,182,0.0,1,4,2
/Users/marcobenavides/repos/ML4FG/3D-RBP/Data/datasets/clip/17_ICLIP_HNRNPC_hg19,183,1.0,1,8,2
/Users/marcobenavides/repos/ML4FG/3D-RBP/Data/datasets/clip/26_PARCLIP_TAF15_hg19,184,0.0,1,16,2
/Users/marcobenavides/repos/ML4FG/3D-RBP/Data/datasets/clip/13_PARCLIP_FUS_hg19,185,1.0,1,12,2
/Users/marcobenavides/repos/ML4FG/3D-RBP/Data/datasets/clip/27_ICLIP_TDP43_hg19,186,1.0,1,7,2
/Users/marcobenavides/repos/ML4FG/3D-RBP/Data/datasets/clip/10_PARCLIP_ELAVL1A_hg19,187,0.0,1,3,2
/Users/marcobenavides/repos/ML4FG/3D-RBP/Data/datasets/clip/26_PARCLIP_TAF15_hg19,188,0.0,1,16,2
/Users/marcobenavides/repos/ML4FG/3D-RBP/Data/datasets/clip/24_PARCLIP_QKI_hg19,189,1.0,1,14,2
/Users/marcobenavides/repos/ML4FG/3D-RBP/Data/datasets/clip/31_ICLIP_U2AF65_Hela_iCLIP_ctrl+kd_all_clusters,190,1.0,1,5,2
/Users/marcobenavides/repos/ML4FG/3D-RBP/Data/datasets/clip/13_PARCLIP_FUS_hg19,191,0.0,1,12,2
/Users/marcobenavides/repos/ML4FG/3D-RBP/Data/datasets/clip/15_PARCLIP_IGF2BP123_hg19,192,0.0,1,10,2
/Users/marcobenavides/repos/ML4FG/3D-RBP/Data/datasets/clip/26_PARCLIP_TAF15_hg19,193,1.0,1,16,2
/Users/marcobenavides/repos/ML4FG/3D-RBP/Data/datasets/clip/23_PARCLIP_PUM2_hg19,194,0.0,1,9,2
/Users/marcobenavides/repos/ML4FG/3D-RBP/Data/datasets/clip/31_ICLIP_U2AF65_Hela_iCLIP_ctrl+kd_all_clusters,195,0.0,1,5,2
/Users/marcobenavides/repos/ML4FG/3D-RBP/Data/datasets/clip/6_CLIP-seq-eIF4AIII_1,196,0.0,1,4,2
/Users/marcobenavides/repos/ML4FG/3D-RBP/Data/datasets/clip/28_ICLIP_TIA1_hg19,197,0.0,1,6,2
/Users/marcobenavides/repos/ML4FG/3D-RBP/Data/datasets/clip/3_HITSCLIP_Ago2_binding_clusters,198,1.0,1,2,2
/Users/marcobenavides/repos/ML4FG/3D-RBP/Data/datasets/clip/6_CLIP-seq-eIF4AIII_1,199,0.0,1,4,2
/Users/marcobenavides/repos/ML4FG/3D-RBP/Data/datasets/clip/25_CLIPSEQ_SFRS1_hg19,200,1.0,1,1,2
/Users/marcobenavides/repos/ML4FG/3D-RBP/Data/datasets/clip/25_CLIPSEQ_SFRS1_hg19,201,1.0,1,1,2
/Users/marcobenavides/repos/ML4FG/3D-RBP/Data/datasets/clip/6_CLIP-seq-eIF4AIII_1,202,0.0,1,4,2
/Users/marcobenavides/repos/ML4FG/3D-RBP/Data/datasets/clip/3_HITSCLIP_Ago2_binding_clusters,203,0.0,1,2,2
/Users/marcobenavides/repos/ML4FG/3D-RBP/Data/datasets/clip/26_PARCLIP_TAF15_hg19,204,0.0,1,16,2
/Users/marcobenavides/repos/ML4FG/3D-RBP/Data/datasets/clip/15_PARCLIP_IGF2BP123_hg19,205,1.0,1,10,2
/Users/marcobenavides/repos/ML4FG/3D-RBP/Data/datasets/clip/25_CLIPSEQ_SFRS1_hg19,206,0.0,1,1,2
/Users/marcobenavides/repos/ML4FG/3D-RBP/Data/datasets/clip/22_ICLIP_NSUN2_293_group_4007_all-NSUN2-293-hg19_sum_G_hg19--ensembl59_from_3137-3202_bedGraph-cDNA-hits-in-genome,207,1.0,1,15,2
/Users/marcobenavides/repos/ML4FG/3D-RBP/Data/datasets/clip/28_ICLIP_TIA1_hg19,208,1.0,1,6,2
/Users/marcobenavides/repos/ML4FG/3D-RBP/Data/datasets/clip/10_PARCLIP_ELAVL1A_hg19,209,1.0,1,3,2
/Users/marcobenavides/repos/ML4FG/3D-RBP/Data/datasets/clip/12_PARCLIP_EWSR1_hg19,210,0.0,1,13,2
/Users/marcobenavides/repos/ML4FG/3D-RBP/Data/datasets/clip/22_ICLIP_NSUN2_293_group_4007_all-NSUN2-293-hg19_sum_G_hg19--ensembl59_from_3137-3202_bedGraph-cDNA-hits-in-genome,211,0.0,1,15,2
/Users/marcobenavides/repos/ML4FG/3D-RBP/Data/datasets/clip/6_CLIP-seq-eIF4AIII_1,212,0.0,1,4,2
/Users/marcobenavides/repos/ML4FG/3D-RBP/Data/datasets/clip/22_ICLIP_NSUN2_293_group_4007_all-NSUN2-293-hg19_sum_G_hg19--ensembl59_from_3137-3202_bedGraph-cDNA-hits-in-genome,213,1.0,1,15,2
/Users/marcobenavides/repos/ML4FG/3D-RBP/Data/datasets/clip/23_PARCLIP_PUM2_hg19,214,1.0,1,9,2
/Users/marcobenavides/repos/ML4FG/3D-RBP/Data/datasets/clip/15_PARCLIP_IGF2BP123_hg19,215,1.0,1,10,2
/Users/marcobenavides/repos/ML4FG/3D-RBP/Data/datasets/clip/21_PARCLIP_MOV10_Sievers_hg19,216,1.0,1,0,2
/Users/marcobenavides/repos/ML4FG/3D-RBP/Data/datasets/clip/21_PARCLIP_MOV10_Sievers_hg19,217,0.0,1,0,2
/Users/marcobenavides/repos/ML4FG/3D-RBP/Data/datasets/clip/6_CLIP-seq-eIF4AIII_1,218,1.0,1,4,2
/Users/marcobenavides/repos/ML4FG/3D-RBP/Data/datasets/clip/25_CLIPSEQ_SFRS1_hg19,219,1.0,1,1,2
/Users/marcobenavides/repos/ML4FG/3D-RBP/Data/datasets/clip/12_PARCLIP_EWSR1_hg19,220,0.0,1,13,2
/Users/marcobenavides/repos/ML4FG/3D-RBP/Data/datasets/clip/6_CLIP-seq-eIF4AIII_1,221,0.0,1,4,2
/Users/marcobenavides/repos/ML4FG/3D-RBP/Data/datasets/clip/12_PARCLIP_EWSR1_hg19,222,1.0,1,13,2
/Users/marcobenavides/repos/ML4FG/3D-RBP/Data/datasets/clip/28_ICLIP_TIA1_hg19,223,0.0,1,6,2
/Users/marcobenavides/repos/ML4FG/3D-RBP/Data/datasets/clip/23_PARCLIP_PUM2_hg19,224,1.0,1,9,2
/Users/marcobenavides/repos/ML4FG/3D-RBP/Data/datasets/clip/13_PARCLIP_FUS_hg19,225,0.0,1,12,2
/Users/marcobenavides/repos/ML4FG/3D-RBP/Data/datasets/clip/27_ICLIP_TDP43_hg19,226,1.0,1,7,2
/Users/marcobenavides/repos/ML4FG/3D-RBP/Data/datasets/clip/31_ICLIP_U2AF65_Hela_iCLIP_ctrl+kd_all_clusters,227,1.0,1,5,2
/Users/marcobenavides/repos/ML4FG/3D-RBP/Data/datasets/clip/26_PARCLIP_TAF15_hg19,228,1.0,1,16,2
/Users/marcobenavides/repos/ML4FG/3D-RBP/Data/datasets/clip/12_PARCLIP_EWSR1_hg19,229,1.0,1,13,2
/Users/marcobenavides/repos/ML4FG/3D-RBP/Data/datasets/clip/23_PARCLIP_PUM2_hg19,230,0.0,1,9,2
/Users/marcobenavides/repos/ML4FG/3D-RBP/Data/datasets/clip/23_PARCLIP_PUM2_hg19,231,0.0,1,9,2
/Users/marcobenavides/repos/ML4FG/3D-RBP/Data/datasets/clip/3_HITSCLIP_Ago2_binding_clusters,232,0.0,1,2,2
/Users/marcobenavides/repos/ML4FG/3D-RBP/Data/datasets/clip/28_ICLIP_TIA1_hg19,233,1.0,1,6,2
/Users/marcobenavides/repos/ML4FG/3D-RBP/Data/datasets/clip/24_PARCLIP_QKI_hg19,234,1.0,1,14,2
/Users/marcobenavides/repos/ML4FG/3D-RBP/Data/datasets/clip/23_PARCLIP_PUM2_hg19,235,0.0,1,9,2
/Users/marcobenavides/repos/ML4FG/3D-RBP/Data/datasets/clip/12_PARCLIP_EWSR1_hg19,236,1.0,1,13,2
/Users/marcobenavides/repos/ML4FG/3D-RBP/Data/datasets/clip/27_ICLIP_TDP43_hg19,237,1.0,1,7,2
/Users/marcobenavides/repos/ML4FG/3D-RBP/Data/datasets/clip/22_ICLIP_NSUN2_293_group_4007_all-NSUN2-293-hg19_sum_G_hg19--ensembl59_from_3137-3202_bedGraph-cDNA-hits-in-genome,238,0.0,1,15,2
/Users/marcobenavides/repos/ML4FG/3D-RBP/Data/datasets/clip/27_ICLIP_TDP43_hg19,239,0.0,1,7,2
/Users/marcobenavides/repos/ML4FG/3D-RBP/Data/datasets/clip/27_ICLIP_TDP43_hg19,240,1.0,1,7,2
/Users/marcobenavides/repos/ML4FG/3D-RBP/Data/datasets/clip/19_ICLIP_hnRNPL_U266_group_3986_all-hnRNPL-U266-hg19_sum_G_hg19--ensembl59_from_2485_bedGraph-cDNA-hits-in-genome,241,1.0,1,11,2
/Users/marcobenavides/repos/ML4FG/3D-RBP/Data/datasets/clip/3_HITSCLIP_Ago2_binding_clusters,242,0.0,1,2,2
/Users/marcobenavides/repos/ML4FG/3D-RBP/Data/datasets/clip/6_CLIP-seq-eIF4AIII_1,243,1.0,1,4,2
/Users/marcobenavides/repos/ML4FG/3D-RBP/Data/datasets/clip/17_ICLIP_HNRNPC_hg19,244,0.0,1,8,2
/Users/marcobenavides/repos/ML4FG/3D-RBP/Data/datasets/clip/27_ICLIP_TDP43_hg19,245,0.0,1,7,2
/Users/marcobenavides/repos/ML4FG/3D-RBP/Data/datasets/clip/24_PARCLIP_QKI_hg19,246,0.0,1,14,2
/Users/marcobenavides/repos/ML4FG/3D-RBP/Data/datasets/clip/22_ICLIP_NSUN2_293_group_4007_all-NSUN2-293-hg19_sum_G_hg19--ensembl59_from_3137-3202_bedGraph-cDNA-hits-in-genome,247,1.0,1,15,2
/Users/marcobenavides/repos/ML4FG/3D-RBP/Data/datasets/clip/3_HITSCLIP_Ago2_binding_clusters,248,0.0,1,2,2
/Users/marcobenavides/repos/ML4FG/3D-RBP/Data/datasets/clip/28_ICLIP_TIA1_hg19,249,0.0,1,6,2
/Users/marcobenavides/repos/ML4FG/3D-RBP/Data/datasets/clip/10_PARCLIP_ELAVL1A_hg19,250,0.0,1,3,2
/Users/marcobenavides/repos/ML4FG/3D-RBP/Data/datasets/clip/6_CLIP-seq-eIF4AIII_1,251,1.0,1,4,2
/Users/marcobenavides/repos/ML4FG/3D-RBP/Data/datasets/clip/17_ICLIP_HNRNPC_hg19,252,1.0,1,8,2
/Users/marcobenavides/repos/ML4FG/3D-RBP/Data/datasets/clip/27_ICLIP_TDP43_hg19,253,0.0,1,7,2
/Users/marcobenavides/repos/ML4FG/3D-RBP/Data/datasets/clip/12_PARCLIP_EWSR1_hg19,254,0.0,1,13,2
/Users/marcobenavides/repos/ML4FG/3D-RBP/Data/datasets/clip/28_ICLIP_TIA1_hg19,255,1.0,1,6,2
/Users/marcobenavides/repos/ML4FG/3D-RBP/Data/datasets/clip/31_ICLIP_U2AF65_Hela_iCLIP_ctrl+kd_all_clusters,256,0.0,1,5,2
/Users/marcobenavides/repos/ML4FG/3D-RBP/Data/datasets/clip/28_ICLIP_TIA1_hg19,257,0.0,1,6,2
/Users/marcobenavides/repos/ML4FG/3D-RBP/Data/datasets/clip/6_CLIP-seq-eIF4AIII_1,258,0.0,1,4,2
/Users/marcobenavides/repos/ML4FG/3D-RBP/Data/datasets/clip/22_ICLIP_NSUN2_293_group_4007_all-NSUN2-293-hg19_sum_G_hg19--ensembl59_from_3137-3202_bedGraph-cDNA-hits-in-genome,259,0.0,1,15,2
/Users/marcobenavides/repos/ML4FG/3D-RBP/Data/datasets/clip/31_ICLIP_U2AF65_Hela_iCLIP_ctrl+kd_all_clusters,260,1.0,1,5,2
/Users/marcobenavides/repos/ML4FG/3D-RBP/Data/datasets/clip/31_ICLIP_U2AF65_Hela_iCLIP_ctrl+kd_all_clusters,261,0.0,1,5,2
/Users/marcobenavides/repos/ML4FG/3D-RBP/Data/datasets/clip/28_ICLIP_TIA1_hg19,262,0.0,1,6,2
/Users/marcobenavides/repos/ML4FG/3D-RBP/Data/datasets/clip/28_ICLIP_TIA1_hg19,263,0.0,1,6,2
/Users/marcobenavides/repos/ML4FG/3D-RBP/Data/datasets/clip/13_PARCLIP_FUS_hg19,264,0.0,1,12,2
/Users/marcobenavides/repos/ML4FG/3D-RBP/Data/datasets/clip/10_PARCLIP_ELAVL1A_hg19,265,0.0,1,3,2
/Users/marcobenavides/repos/ML4FG/3D-RBP/Data/datasets/clip/17_ICLIP_HNRNPC_hg19,266,0.0,1,8,2
/Users/marcobenavides/repos/ML4FG/3D-RBP/Data/datasets/clip/13_PARCLIP_FUS_hg19,267,0.0,1,12,2
/Users/marcobenavides/repos/ML4FG/3D-RBP/Data/datasets/clip/6_CLIP-seq-eIF4AIII_1,268,1.0,1,4,2
/Users/marcobenavides/repos/ML4FG/3D-RBP/Data/datasets/clip/28_ICLIP_TIA1_hg19,269,0.0,1,6,2
/Users/marcobenavides/repos/ML4FG/3D-RBP/Data/datasets/clip/15_PARCLIP_IGF2BP123_hg19,270,1.0,1,10,2
/Users/marcobenavides/repos/ML4FG/3D-RBP/Data/datasets/clip/10_PARCLIP_ELAVL1A_hg19,271,0.0,1,3,2
/Users/marcobenavides/repos/ML4FG/3D-RBP/Data/datasets/clip/3_HITSCLIP_Ago2_binding_clusters,272,0.0,1,2,2
/Users/marcobenavides/repos/ML4FG/3D-RBP/Data/datasets/clip/26_PARCLIP_TAF15_hg19,273,0.0,1,16,2
/Users/marcobenavides/repos/ML4FG/3D-RBP/Data/datasets/clip/24_PARCLIP_QKI_hg19,274,0.0,1,14,2
/Users/marcobenavides/repos/ML4FG/3D-RBP/Data/datasets/clip/22_ICLIP_NSUN2_293_group_4007_all-NSUN2-293-hg19_sum_G_hg19--ensembl59_from_3137-3202_bedGraph-cDNA-hits-in-genome,275,1.0,1,15,2
/Users/marcobenavides/repos/ML4FG/3D-RBP/Data/datasets/clip/15_PARCLIP_IGF2BP123_hg19,276,1.0,1,10,2
/Users/marcobenavides/repos/ML4FG/3D-RBP/Data/datasets/clip/31_ICLIP_U2AF65_Hela_iCLIP_ctrl+kd_all_clusters,277,1.0,1,5,2
/Users/marcobenavides/repos/ML4FG/3D-RBP/Data/datasets/clip/21_PARCLIP_MOV10_Sievers_hg19,278,1.0,1,0,2
/Users/marcobenavides/repos/ML4FG/3D-RBP/Data/datasets/clip/22_ICLIP_NSUN2_293_group_4007_all-NSUN2-293-hg19_sum_G_hg19--ensembl59_from_3137-3202_bedGraph-cDNA-hits-in-genome,279,0.0,1,15,2
/Users/marcobenavides/repos/ML4FG/3D-RBP/Data/datasets/clip/3_HITSCLIP_Ago2_binding_clusters,280,1.0,1,2,2
/Users/marcobenavides/repos/ML4FG/3D-RBP/Data/datasets/clip/17_ICLIP_HNRNPC_hg19,281,1.0,1,8,2
/Users/marcobenavides/repos/ML4FG/3D-RBP/Data/datasets/clip/24_PARCLIP_QKI_hg19,282,1.0,1,14,2
/Users/marcobenavides/repos/ML4FG/3D-RBP/Data/datasets/clip/24_PARCLIP_QKI_hg19,283,1.0,1,14,2
/Users/marcobenavides/repos/ML4FG/3D-RBP/Data/datasets/clip/22_ICLIP_NSUN2_293_group_4007_all-NSUN2-293-hg19_sum_G_hg19--ensembl59_from_3137-3202_bedGraph-cDNA-hits-in-genome,284,1.0,1,15,2
/Users/marcobenavides/repos/ML4FG/3D-RBP/Data/datasets/clip/26_PARCLIP_TAF15_hg19,285,1.0,1,16,2
/Users/marcobenavides/repos/ML4FG/3D-RBP/Data/datasets/clip/22_ICLIP_NSUN2_293_group_4007_all-NSUN2-293-hg19_sum_G_hg19--ensembl59_from_3137-3202_bedGraph-cDNA-hits-in-genome,286,0.0,1,15,2
/Users/marcobenavides/repos/ML4FG/3D-RBP/Data/datasets/clip/27_ICLIP_TDP43_hg19,287,1.0,1,7,2
/Users/marcobenavides/repos/ML4FG/3D-RBP/Data/datasets/clip/21_PARCLIP_MOV10_Sievers_hg19,288,1.0,1,0,2
/Users/marcobenavides/repos/ML4FG/3D-RBP/Data/datasets/clip/28_ICLIP_TIA1_hg19,289,0.0,1,6,2
/Users/marcobenavides/repos/ML4FG/3D-RBP/Data/datasets/clip/28_ICLIP_TIA1_hg19,290,0.0,1,6,2
/Users/marcobenavides/repos/ML4FG/3D-RBP/Data/datasets/clip/3_HITSCLIP_Ago2_binding_clusters,291,0.0,1,2,2
/Users/marcobenavides/repos/ML4FG/3D-RBP/Data/datasets/clip/26_PARCLIP_TAF15_hg19,292,0.0,1,16,2
/Users/marcobenavides/repos/ML4FG/3D-RBP/Data/datasets/clip/21_PARCLIP_MOV10_Sievers_hg19,293,0.0,1,0,2
/Users/marcobenavides/repos/ML4FG/3D-RBP/Data/datasets/clip/10_PARCLIP_ELAVL1A_hg19,294,0.0,1,3,2
/Users/marcobenavides/repos/ML4FG/3D-RBP/Data/datasets/clip/25_CLIPSEQ_SFRS1_hg19,295,1.0,1,1,2
/Users/marcobenavides/repos/ML4FG/3D-RBP/Data/datasets/clip/24_PARCLIP_QKI_hg19,296,0.0,1,14,2
/Users/marcobenavides/repos/ML4FG/3D-RBP/Data/datasets/clip/27_ICLIP_TDP43_hg19,297,1.0,1,7,2
/Users/marcobenavides/repos/ML4FG/3D-RBP/Data/datasets/clip/25_CLIPSEQ_SFRS1_hg19,298,0.0,1,1,2
/Users/marcobenavides/repos/ML4FG/3D-RBP/Data/datasets/clip/26_PARCLIP_TAF15_hg19,299,1.0,1,16,2
/Users/marcobenavides/repos/ML4FG/3D-RBP/Data/datasets/clip/13_PARCLIP_FUS_hg19,300,1.0,1,12,2
/Users/marcobenavides/repos/ML4FG/3D-RBP/Data/datasets/clip/19_ICLIP_hnRNPL_U266_group_3986_all-hnRNPL-U266-hg19_sum_G_hg19--ensembl59_from_2485_bedGraph-cDNA-hits-in-genome,301,1.0,1,11,2
/Users/marcobenavides/repos/ML4FG/3D-RBP/Data/datasets/clip/12_PARCLIP_EWSR1_hg19,302,0.0,1,13,2
/Users/marcobenavides/repos/ML4FG/3D-RBP/Data/datasets/clip/21_PARCLIP_MOV10_Sievers_hg19,303,1.0,1,0,2
/Users/marcobenavides/repos/ML4FG/3D-RBP/Data/datasets/clip/19_ICLIP_hnRNPL_U266_group_3986_all-hnRNPL-U266-hg19_sum_G_hg19--ensembl59_from_2485_bedGraph-cDNA-hits-in-genome,304,0.0,1,11,2
/Users/marcobenavides/repos/ML4FG/3D-RBP/Data/datasets/clip/28_ICLIP_TIA1_hg19,305,1.0,1,6,2
/Users/marcobenavides/repos/ML4FG/3D-RBP/Data/datasets/clip/15_PARCLIP_IGF2BP123_hg19,306,1.0,1,10,2
/Users/marcobenavides/repos/ML4FG/3D-RBP/Data/datasets/clip/12_PARCLIP_EWSR1_hg19,307,0.0,1,13,2
/Users/marcobenavides/repos/ML4FG/3D-RBP/Data/datasets/clip/3_HITSCLIP_Ago2_binding_clusters,308,1.0,1,2,2
/Users/marcobenavides/repos/ML4FG/3D-RBP/Data/datasets/clip/23_PARCLIP_PUM2_hg19,309,1.0,1,9,2
/Users/marcobenavides/repos/ML4FG/3D-RBP/Data/datasets/clip/23_PARCLIP_PUM2_hg19,310,1.0,1,9,2
/Users/marcobenavides/repos/ML4FG/3D-RBP/Data/datasets/clip/31_ICLIP_U2AF65_Hela_iCLIP_ctrl+kd_all_clusters,311,0.0,1,5,2
/Users/marcobenavides/repos/ML4FG/3D-RBP/Data/datasets/clip/25_CLIPSEQ_SFRS1_hg19,312,0.0,1,1,2
/Users/marcobenavides/repos/ML4FG/3D-RBP/Data/datasets/clip/3_HITSCLIP_Ago2_binding_clusters,313,1.0,1,2,2
/Users/marcobenavides/repos/ML4FG/3D-RBP/Data/datasets/clip/31_ICLIP_U2AF65_Hela_iCLIP_ctrl+kd_all_clusters,314,0.0,1,5,2
/Users/marcobenavides/repos/ML4FG/3D-RBP/Data/datasets/clip/23_PARCLIP_PUM2_hg19,315,1.0,1,9,2
/Users/marcobenavides/repos/ML4FG/3D-RBP/Data/datasets/clip/13_PARCLIP_FUS_hg19,316,0.0,1,12,2
/Users/marcobenavides/repos/ML4FG/3D-RBP/Data/datasets/clip/24_PARCLIP_QKI_hg19,317,1.0,1,14,2
/Users/marcobenavides/repos/ML4FG/3D-RBP/Data/datasets/clip/6_CLIP-seq-eIF4AIII_1,318,0.0,1,4,2
/Users/marcobenavides/repos/ML4FG/3D-RBP/Data/datasets/clip/26_PARCLIP_TAF15_hg19,319,1.0,1,16,2
/Users/marcobenavides/repos/ML4FG/3D-RBP/Data/datasets/clip/21_PARCLIP_MOV10_Sievers_hg19,320,0.0,1,0,2
/Users/marcobenavides/repos/ML4FG/3D-RBP/Data/datasets/clip/12_PARCLIP_EWSR1_hg19,321,0.0,1,13,2
/Users/marcobenavides/repos/ML4FG/3D-RBP/Data/datasets/clip/24_PARCLIP_QKI_hg19,322,1.0,1,14,2
/Users/marcobenavides/repos/ML4FG/3D-RBP/Data/datasets/clip/28_ICLIP_TIA1_hg19,323,1.0,1,6,2
/Users/marcobenavides/repos/ML4FG/3D-RBP/Data/datasets/clip/15_PARCLIP_IGF2BP123_hg19,324,0.0,1,10,2
/Users/marcobenavides/repos/ML4FG/3D-RBP/Data/datasets/clip/28_ICLIP_TIA1_hg19,325,0.0,1,6,2
/Users/marcobenavides/repos/ML4FG/3D-RBP/Data/datasets/clip/28_ICLIP_TIA1_hg19,326,1.0,1,6,2
/Users/marcobenavides/repos/ML4FG/3D-RBP/Data/datasets/clip/3_HITSCLIP_Ago2_binding_clusters,327,0.0,1,2,2
/Users/marcobenavides/repos/ML4FG/3D-RBP/Data/datasets/clip/21_PARCLIP_MOV10_Sievers_hg19,328,1.0,1,0,2
/Users/marcobenavides/repos/ML4FG/3D-RBP/Data/datasets/clip/31_ICLIP_U2AF65_Hela_iCLIP_ctrl+kd_all_clusters,329,0.0,1,5,2
/Users/marcobenavides/repos/ML4FG/3D-RBP/Data/datasets/clip/10_PARCLIP_ELAVL1A_hg19,330,0.0,1,3,2
/Users/marcobenavides/repos/ML4FG/3D-RBP/Data/datasets/clip/3_HITSCLIP_Ago2_binding_clusters,331,1.0,1,2,2
/Users/marcobenavides/repos/ML4FG/3D-RBP/Data/datasets/clip/25_CLIPSEQ_SFRS1_hg19,332,1.0,1,1,2
/Users/marcobenavides/repos/ML4FG/3D-RBP/Data/datasets/clip/24_PARCLIP_QKI_hg19,333,0.0,1,14,2
/Users/marcobenavides/repos/ML4FG/3D-RBP/Data/datasets/clip/27_ICLIP_TDP43_hg19,334,1.0,1,7,2
/Users/marcobenavides/repos/ML4FG/3D-RBP/Data/datasets/clip/22_ICLIP_NSUN2_293_group_4007_all-NSUN2-293-hg19_sum_G_hg19--ensembl59_from_3137-3202_bedGraph-cDNA-hits-in-genome,335,0.0,1,15,2
/Users/marcobenavides/repos/ML4FG/3D-RBP/Data/datasets/clip/19_ICLIP_hnRNPL_U266_group_3986_all-hnRNPL-U266-hg19_sum_G_hg19--ensembl59_from_2485_bedGraph-cDNA-hits-in-genome,336,0.0,1,11,2
/Users/marcobenavides/repos/ML4FG/3D-RBP/Data/datasets/clip/10_PARCLIP_ELAVL1A_hg19,337,1.0,1,3,2
/Users/marcobenavides/repos/ML4FG/3D-RBP/Data/datasets/clip/10_PARCLIP_ELAVL1A_hg19,338,0.0,1,3,2
/Users/marcobenavides/repos/ML4FG/3D-RBP/Data/datasets/clip/19_ICLIP_hnRNPL_U266_group_3986_all-hnRNPL-U266-hg19_sum_G_hg19--ensembl59_from_2485_bedGraph-cDNA-hits-in-genome,339,1.0,1,11,2
/Users/marcobenavides/repos/ML4FG/3D-RBP/Data/datasets/clip/13_PARCLIP_FUS_hg19,340,1.0,1,12,2
/Users/marcobenavides/repos/ML4FG/3D-RBP/Data/datasets/clip/19_ICLIP_hnRNPL_U266_group_3986_all-hnRNPL-U266-hg19_sum_G_hg19--ensembl59_from_2485_bedGraph-cDNA-hits-in-genome,341,1.0,1,11,2
/Users/marcobenavides/repos/ML4FG/3D-RBP/Data/datasets/clip/21_PARCLIP_MOV10_Sievers_hg19,342,0.0,1,0,2
/Users/marcobenavides/repos/ML4FG/3D-RBP/Data/datasets/clip/6_CLIP-seq-eIF4AIII_1,343,0.0,1,4,2
/Users/marcobenavides/repos/ML4FG/3D-RBP/Data/datasets/clip/17_ICLIP_HNRNPC_hg19,344,0.0,1,8,2
/Users/marcobenavides/repos/ML4FG/3D-RBP/Data/datasets/clip/26_PARCLIP_TAF15_hg19,345,1.0,1,16,2
/Users/marcobenavides/repos/ML4FG/3D-RBP/Data/datasets/clip/26_PARCLIP_TAF15_hg19,346,0.0,1,16,2
/Users/marcobenavides/repos/ML4FG/3D-RBP/Data/datasets/clip/27_ICLIP_TDP43_hg19,347,0.0,1,7,2
/Users/marcobenavides/repos/ML4FG/3D-RBP/Data/datasets/clip/19_ICLIP_hnRNPL_U266_group_3986_all-hnRNPL-U266-hg19_sum_G_hg19--ensembl59_from_2485_bedGraph-cDNA-hits-in-genome,348,1.0,1,11,2
/Users/marcobenavides/repos/ML4FG/3D-RBP/Data/datasets/clip/31_ICLIP_U2AF65_Hela_iCLIP_ctrl+kd_all_clusters,349,0.0,1,5,2
/Users/marcobenavides/repos/ML4FG/3D-RBP/Data/datasets/clip/17_ICLIP_HNRNPC_hg19,350,1.0,1,8,2
/Users/marcobenavides/repos/ML4FG/3D-RBP/Data/datasets/clip/31_ICLIP_U2AF65_Hela_iCLIP_ctrl+kd_all_clusters,351,1.0,1,5,2
/Users/marcobenavides/repos/ML4FG/3D-RBP/Data/datasets/clip/17_ICLIP_HNRNPC_hg19,352,0.0,1,8,2
/Users/marcobenavides/repos/ML4FG/3D-RBP/Data/datasets/clip/31_ICLIP_U2AF65_Hela_iCLIP_ctrl+kd_all_clusters,353,0.0,1,5,2
/Users/marcobenavides/repos/ML4FG/3D-RBP/Data/datasets/clip/23_PARCLIP_PUM2_hg19,354,1.0,1,9,2
/Users/marcobenavides/repos/ML4FG/3D-RBP/Data/datasets/clip/28_ICLIP_TIA1_hg19,355,0.0,1,6,2
/Users/marcobenavides/repos/ML4FG/3D-RBP/Data/datasets/clip/22_ICLIP_NSUN2_293_group_4007_all-NSUN2-293-hg19_sum_G_hg19--ensembl59_from_3137-3202_bedGraph-cDNA-hits-in-genome,356,1.0,1,15,2
/Users/marcobenavides/repos/ML4FG/3D-RBP/Data/datasets/clip/21_PARCLIP_MOV10_Sievers_hg19,357,0.0,1,0,2
/Users/marcobenavides/repos/ML4FG/3D-RBP/Data/datasets/clip/25_CLIPSEQ_SFRS1_hg19,358,1.0,1,1,2
/Users/marcobenavides/repos/ML4FG/3D-RBP/Data/datasets/clip/25_CLIPSEQ_SFRS1_hg19,359,0.0,1,1,2
/Users/marcobenavides/repos/ML4FG/3D-RBP/Data/datasets/clip/13_PARCLIP_FUS_hg19,360,0.0,1,12,2
/Users/marcobenavides/repos/ML4FG/3D-RBP/Data/datasets/clip/3_HITSCLIP_Ago2_binding_clusters,361,1.0,1,2,2
/Users/marcobenavides/repos/ML4FG/3D-RBP/Data/datasets/clip/3_HITSCLIP_Ago2_binding_clusters,362,0.0,1,2,2
/Users/marcobenavides/repos/ML4FG/3D-RBP/Data/datasets/clip/31_ICLIP_U2AF65_Hela_iCLIP_ctrl+kd_all_clusters,363,1.0,1,5,2
/Users/marcobenavides/repos/ML4FG/3D-RBP/Data/datasets/clip/25_CLIPSEQ_SFRS1_hg19,364,1.0,1,1,2
/Users/marcobenavides/repos/ML4FG/3D-RBP/Data/datasets/clip/24_PARCLIP_QKI_hg19,365,1.0,1,14,2
/Users/marcobenavides/repos/ML4FG/3D-RBP/Data/datasets/clip/6_CLIP-seq-eIF4AIII_1,366,0.0,1,4,2
/Users/marcobenavides/repos/ML4FG/3D-RBP/Data/datasets/clip/13_PARCLIP_FUS_hg19,367,0.0,1,12,2
/Users/marcobenavides/repos/ML4FG/3D-RBP/Data/datasets/clip/19_ICLIP_hnRNPL_U266_group_3986_all-hnRNPL-U266-hg19_sum_G_hg19--ensembl59_from_2485_bedGraph-cDNA-hits-in-genome,368,1.0,1,11,2
/Users/marcobenavides/repos/ML4FG/3D-RBP/Data/datasets/clip/21_PARCLIP_MOV10_Sievers_hg19,369,0.0,1,0,2
/Users/marcobenavides/repos/ML4FG/3D-RBP/Data/datasets/clip/28_ICLIP_TIA1_hg19,370,0.0,1,6,2
/Users/marcobenavides/repos/ML4FG/3D-RBP/Data/datasets/clip/13_PARCLIP_FUS_hg19,371,1.0,1,12,2
/Users/marcobenavides/repos/ML4FG/3D-RBP/Data/datasets/clip/23_PARCLIP_PUM2_hg19,372,0.0,1,9,2
/Users/marcobenavides/repos/ML4FG/3D-RBP/Data/datasets/clip/3_HITSCLIP_Ago2_binding_clusters,373,0.0,1,2,2
/Users/marcobenavides/repos/ML4FG/3D-RBP/Data/datasets/clip/13_PARCLIP_FUS_hg19,374,0.0,1,12,2
/Users/marcobenavides/repos/ML4FG/3D-RBP/Data/datasets/clip/27_ICLIP_TDP43_hg19,375,1.0,1,7,2
/Users/marcobenavides/repos/ML4FG/3D-RBP/Data/datasets/clip/25_CLIPSEQ_SFRS1_hg19,376,1.0,1,1,2
/Users/marcobenavides/repos/ML4FG/3D-RBP/Data/datasets/clip/28_ICLIP_TIA1_hg19,377,0.0,1,6,2
/Users/marcobenavides/repos/ML4FG/3D-RBP/Data/datasets/clip/27_ICLIP_TDP43_hg19,378,1.0,1,7,2
/Users/marcobenavides/repos/ML4FG/3D-RBP/Data/datasets/clip/17_ICLIP_HNRNPC_hg19,379,1.0,1,8,2
/Users/marcobenavides/repos/ML4FG/3D-RBP/Data/datasets/clip/17_ICLIP_HNRNPC_hg19,380,0.0,1,8,2
/Users/marcobenavides/repos/ML4FG/3D-RBP/Data/datasets/clip/19_ICLIP_hnRNPL_U266_group_3986_all-hnRNPL-U266-hg19_sum_G_hg19--ensembl59_from_2485_bedGraph-cDNA-hits-in-genome,381,1.0,1,11,2
/Users/marcobenavides/repos/ML4FG/3D-RBP/Data/datasets/clip/31_ICLIP_U2AF65_Hela_iCLIP_ctrl+kd_all_clusters,382,0.0,1,5,2
/Users/marcobenavides/repos/ML4FG/3D-RBP/Data/datasets/clip/12_PARCLIP_EWSR1_hg19,383,0.0,1,13,2
/Users/marcobenavides/repos/ML4FG/3D-RBP/Data/datasets/clip/13_PARCLIP_FUS_hg19,384,1.0,1,12,2
/Users/marcobenavides/repos/ML4FG/3D-RBP/Data/datasets/clip/3_HITSCLIP_Ago2_binding_clusters,385,0.0,1,2,2
/Users/marcobenavides/repos/ML4FG/3D-RBP/Data/datasets/clip/12_PARCLIP_EWSR1_hg19,386,0.0,1,13,2
/Users/marcobenavides/repos/ML4FG/3D-RBP/Data/datasets/clip/27_ICLIP_TDP43_hg19,387,1.0,1,7,2
/Users/marcobenavides/repos/ML4FG/3D-RBP/Data/datasets/clip/23_PARCLIP_PUM2_hg19,388,0.0,1,9,2
/Users/marcobenavides/repos/ML4FG/3D-RBP/Data/datasets/clip/24_PARCLIP_QKI_hg19,389,1.0,1,14,2
/Users/marcobenavides/repos/ML4FG/3D-RBP/Data/datasets/clip/21_PARCLIP_MOV10_Sievers_hg19,390,0.0,1,0,2
/Users/marcobenavides/repos/ML4FG/3D-RBP/Data/datasets/clip/6_CLIP-seq-eIF4AIII_1,391,0.0,1,4,2
/Users/marcobenavides/repos/ML4FG/3D-RBP/Data/datasets/clip/17_ICLIP_HNRNPC_hg19,392,0.0,1,8,2
/Users/marcobenavides/repos/ML4FG/3D-RBP/Data/datasets/clip/13_PARCLIP_FUS_hg19,393,0.0,1,12,2
/Users/marcobenavides/repos/ML4FG/3D-RBP/Data/datasets/clip/17_ICLIP_HNRNPC_hg19,394,0.0,1,8,2
